[{
  "_id": {
    "$oid": "66bb84f64989cbe1f9b4c54d"
  },
  "accountNumber": 2256,
  "type": "withdraw",
  "withdraw": {
    "date": {
      "$date": "2024-08-13T16:08:22.000Z"
    },
    "amount": 25
  }
},
{
  "_id": {
    "$oid": "66bb85004989cbe1f9b4c54f"
  },
  "accountNumber": 2256,
  "type": "deposit",
  "deposit": {
    "date": {
      "$date": "2024-08-13T16:08:32.000Z"
    },
    "amount": 50
  }
},
{
  "_id": {
    "$oid": "66bb85314989cbe1f9b4c551"
  },
  "accountNumber": 2256,
  "type": "loan",
  "loan": {
    "date": {
      "$date": "2024-08-13T16:09:21.000Z"
    },
    "amount": 5000,
    "interest": 10,
    "numberOfPayments": 5
  }
},
{
  "_id": {
    "$oid": "66bb9910bcfc8ca35ba96426"
  },
  "accountNumber": 1,
  "type": "deposit",
  "deposit": {
    "date": {
      "$date": "2024-08-13T17:34:08.000Z"
    },
    "amount": 500
  }
},
{
  "_id": {
    "$oid": "66bb9941bcfc8ca35ba96429"
  },
  "accountNumber": 1,
  "type": "withdraw",
  "withdraw": {
    "date": {
      "$date": "2024-08-13T17:34:57.000Z"
    },
    "amount": 30
  }
},
{
  "_id": {
    "$oid": "66bb9ba1bcfc8ca35ba96442"
  },
  "accountNumber": 1,
  "type": "loan",
  "loan": {
    "date": {
      "$date": "2024-08-13T17:45:05.000Z"
    },
    "amount": 5000,
    "interest": 2,
    "numberOfPayments": 7
  }
}]